[
  {
    "dni": "1234567890",
    "nombre": "Daniela",
    "apellido": "Velez",
    "valor": 0.1
  },
  {
    "dni": "9876543210",
    "nombre": "Jean",
    "apellido": "Flores",
    "valor": 0.1
  },
  {
    "dni": "9999999999",
    "nombre": "Ado",
    "apellido": "Flores",
    "valor": 10000
  },
  {
    "dni": "0159748632",
    "nombre": "Jan",
    "apellido": "Flores",
    "valor": 10000
  },
  {
    "dni": "0985402227",
    "nombre": "JUAN",
    "apellido": "KARLOS",
    "valor": 8000
  },
  {
    "dni": "123",
    "nombre": "jean",
    "apellido": "carlos",
    "valor": 0
  },
  {
    "dni": "7777777",
    "nombre": "Juan",
    "apellido": "Naranjo",
    "valor": 10000
  }
]